Color,size,act,age
YELLOW,SMALL,STRETCH,ADULT
YELLOW,SMALL,STRETCH,ADULT
YELLOW,SMALL,STRETCH,CHILD
YELLOW,SMALL,DIP,ADULT
YELLOW,SMALL,DIP,CHILD
YELLOW,LARGE,STRETCH,ADULT
YELLOW,LARGE,STRETCH,ADULT
YELLOW,LARGE,STRETCH,CHILD
YELLOW,LARGE,DIP,ADULT
YELLOW,LARGE,DIP,CHILD
PURPLE,SMALL,STRETCH,ADULT
PURPLE,SMALL,STRETCH,ADULT
PURPLE,SMALL,STRETCH,CHILD
PURPLE,SMALL,DIP,ADULT
PURPLE,SMALL,DIP,CHILD
PURPLE,LARGE,STRETCH,ADULT
PURPLE,LARGE,STRETCH,ADULT
PURPLE,LARGE,STRETCH,CHILD
PURPLE,LARGE,DIP,ADULT
PURPLE,LARGE,DIP,CHILD
