ID,name,height,play
1,Hello,145,yes
2,Allen,145,no
3,Jack,?,no
4,?,167,yes
5,Hans,198,no
6,Jams,180,yes
7,Steve,165,no
,Tom,173,no
9,Hans,183,yes
10,Jams,199,no
11,Steve,123,no
12,?,145,yes
?,Allen,145,no
14,Jack,,no
15,Tom,167,yes
16,Hans,198,no
17,Jams,180,yes
18,Steve,165,no
19,Tom,173,no
20,Hans,183,yes
21,Jams,199,no
22,,123,no
23,Hello,145,yes
24,Allen,145,no
25,Jack,,no
26,Tom,167,yes
27,Hans,198,no
28,Jams,180,yes
29,Steve,165,no
30,Tom,173,no
31,Hans,183,yes
32,Jams,199,no
33,Steve,123,no
34,Hello,145,yes
35,Allen,145,no
36,Jack,132,no
37,Tom,167,yes
38,Hans,198,no
39,Jams,180,yes
40,Steve,165,no
41,Tom,173,no
42,Hans,183,yes
43,Jams,199,no
44,Steve,123,no
45,Hello,145,yes
46,Allen,145,no
47,Jack,132,no
48,Tom,167,yes
49,Hans,198,no
50,Jams,180,yes
51,Steve,165,no
52,Tom,173,no
53,Hans,183,yes
54,Jams,199,no
55,Steve,123,no
56,Hello,145,yes
57,Allen,145,no
58,Jack,132,no
59,Tom,167,yes
60,Hans,198,no
61,Jams,180,yes
62,Steve,165,no
63,Tom,173,no
64,Hans,183,yes
65,Jams,199,no
66,Steve,123,no
67,Hello,145,yes
68,Allen,145,no
69,Jack,132,no
70,Tom,167,yes
71,Hans,198,no
72,Jams,180,yes
73,Steve,165,no
74,Tom,173,no
75,Hans,183,yes
76,Jams,199,no
77,Steve,123,no
78,Hello,145,yes
79,Allen,145,no
80,Jack,132,no
81,Tom,167,yes
82,Hans,198,no
83,Jams,180,yes
84,Steve,165,no
85,Tom,173,no
86,Hans,183,yes
87,Jams,199,no
88,Steve,123,no
89,Hello,145,yes
90,Allen,145,no
91,Jack,132,no
92,Tom,167,yes
93,Hans,198,no
94,Jams,180,yes
95,Steve,165,no
96,Tom,173,no
97,Hans,183,yes
98,Jams,199,no
99,Steve,123,no
100,Hello,145,yes
